,,,,,,,,,,,,,,,,,,,,
Segment,CC,CC Name,START DATE,END DATE,2026-2030 QTY,2026 EU Qties,2027 EU Qties,2028 EU Qties,2029 EU Qties,2030 EU Qties,"EBOOST (E-KIT) NAME
ICO","PLATFORM
ICO",Motor,Driver,Battery,Display,PROJECT MANAGER,BOM created?,COMMENT,CC ZIMON
CITY,124388,TUC ELOPS 900 HF E,10/2/2016,12/31/2027,Exist but No quantity,0,0,0,0,0,ELOPS 900E V1,HUBv3 light carrier XS,VRM92,DV3,36V carrier,,Simon Midrier,TRUE,,124388
CITY,130720,Dive Light EOS 10 R,8/4/2017,12/31/2028,Exist but No quantity,0,0,0,0,0,No EBOOST KIT,HUBv3 light carrier XS,VRM92,DV3,36V carrier,,Maker - No ICO,FALSE,,130720
CITY,90777,TUC ELOPS 900 LF E,10/2/2016,6/30/2028,"26,400",10400,10000,6000,0,0,ELOPS 900E V1,HUBv3 light carrier XS,VRM92,DV3,36V carrier,,Simon Midrier,TRUE,,90777
CITY,9900302285,LD 500E LF,#N/A,#N/A,Not Exist,#N/A,#N/A,#N/A,#N/A,#N/A,eLD 500,HUB 500 2020,MHLGK,DV3,,HUB cargo M,Simon Midrier,TRUE,,302285
CITY,9900302291,LD 920 E2D HF,10/1/2021,2/29/2028,738,738,0,0,0,0,eLD 920,Owuru 100,Owuru 100,MDU,,,Sébastien Valatx,TRUE,,302291
CITY,9900302307,LD 500E HF,7/1/2021,2/29/2028,"4,100",2700,1400,0,0,0,eLD 500,HUB 500 2020,MHLGK,DV3,,HUB cargo M,Simon Midrier,TRUE,,302307
CITY,9900302308,LD 920 E2D MF,#N/A,#N/A,Not Exist,#N/A,#N/A,#N/A,#N/A,#N/A,eLD 920,Owuru 100,Owuru 100,MDU,,,Sébastien Valatx,TRUE,,302308
CITY,9900305554,CITY EBIKE ELOPS 920 HF,5/1/2019,12/31/2026,Exist but No quantity,0,0,0,0,0,ELOPS 920E connect,BROSE Cmag,Brose Cmag,MDU,,NA,Simon Midrier,TRUE,,305554
CITY,9900305573,CITY EBIKE ELOPS 920 LF,5/1/2019,2/29/2028,"1,380",1380,0,0,0,0,ELOPS 920E connect,BROSE Cmag,Brose Cmag,MDU,,NA,Simon Midrier,TRUE,,305573
CITY,9900305582,CITY EBIKE ELOPS 120 LF,#N/A,#N/A,Not Exist,#N/A,#N/A,#N/A,#N/A,#N/A,ELOPS 120E V1,#N/A,#N/A,#N/A,#N/A,#N/A,Simon Midrier,TRUE,,305582
CITY,9900329211,VELOCARGO F900 Family,1/1/2022,9/30/2030,"4,260",1000,900,800,800,760,VELOCARGO F900E,Brose Talu,Brose Talu,MDU,,NA,Simon Midrier,TRUE,,329211
CITY,9900338408,VELOCARGO F900E BOX,1/29/2023,6/30/2029,Exist but No quantity,0,0,0,0,0,VELOCARGO F900E,Brose Talu,Brose Talu,MDU,,NA,Simon Midrier,TRUE,,338408
CITY,9900338464,E-THREE 900,2/7/2026,1/31/2031,"13,500",0,3500,3600,3200,3200,L loading 700 Wh MY26,Owuru 100,Owuru 100,MDU,,,Sébastien Valatx,TRUE,VELOCARGO Rear L Loading is this bike? Matthieu PASSARD -BTWIN VILLAGE LILLE-,338464
CITY,9900342478,XL LOADING Rear USCAN,#N/A,#N/A,Not Exist,#N/A,#N/A,#N/A,#N/A,#N/A,VELOCARGO Rear XL Loading,#N/A,#N/A,#N/A,#N/A,#N/A,Matthieu PASSARD -BTWIN VILLAGE LILLE-,FALSE,This bike is cancelled but we still have quantities in Cycling universe,342478
CITY,9900342534,L LOADING REAR USCAN,#N/A,#N/A,Not Exist,#N/A,#N/A,#N/A,#N/A,#N/A,L loading 700 Wh MY26,Owuru 100,Owuru 100,MDU,,,Sébastien Valatx,TRUE,,342534
CITY,9900342544,XL LOADING REAR,#N/A,#N/A,Not Exist,#N/A,#N/A,#N/A,#N/A,#N/A,VELOCARGO Rear XL Loading,#N/A,#N/A,#N/A,#N/A,#N/A,Matthieu PASSARD -BTWIN VILLAGE LILLE-,FALSE,This bike is cancelled but we still have quantities in Cycling universe,342544
CITY,9900347006,M LOADING 900 USCAN,#N/A,#N/A,Not Exist,#N/A,#N/A,#N/A,#N/A,#N/A,M loading 700 Wh MY26,#N/A,#N/A,#N/A,#N/A,#N/A,Sébastien Valatx,TRUE,,347006
CITY,9900347091,E-TWO 900,1/1/2026,1/31/2031,"13,400",0,3500,3200,3300,3400,M loading 700 Wh MY26,Owuru 100,Owuru 100,MDU,,,Sébastien Valatx,TRUE,,347091
CITY,9900347248,Cargo bike 900 E CN,1/1/2023,12/31/2026,Exist but No quantity,0,0,0,0,0,MAKER,Maker,Maker,Other,,maker,Project not validated,FALSE,,347248
CITY,9900347319,LD 500E LF CN,#N/A,#N/A,Not Exist,#N/A,#N/A,#N/A,#N/A,#N/A,eLD 500,HUB 500 2020,MHLGK,DV3,,HUB cargo M,Simon Midrier,TRUE,,347319
CITY,9900349924,VELOCARGO R500E V2,1/1/2023,2/22/2027,"1,150",1150,0,0,0,0,MAKER,Maker,Maker,Other,,maker,Maker - No ICO,FALSE,,349924
CITY,9900352094,LD 940E CONNECT LF,#N/A,#N/A,Not Exist,#N/A,#N/A,#N/A,#N/A,#N/A,eLD 940,Owuru 100,Owuru 100,MDU,,,Sébastien Valatx,TRUE,,352094
CITY,9900353001,Cargo bike R500E CN,#N/A,#N/A,Not Exist,#N/A,#N/A,#N/A,#N/A,#N/A,No EBOOST KIT,#N/A,#N/A,#N/A,#N/A,#N/A,Maker - No ICO,FALSE,,353001
CITY,9900353010,LD 920 E2D LF CN,#N/A,#N/A,Not Exist,#N/A,#N/A,#N/A,#N/A,#N/A,eLD 920,Owuru 100,Owuru 100,MDU,,,Sébastien Valatx,TRUE,,353010
CITY,9900355444,LD 920 AUTOMATIC LF UK,#N/A,#N/A,Not Exist,#N/A,#N/A,#N/A,#N/A,#N/A,eLD 920,Owuru 100,Owuru 100,MDU,,,Sébastien Valatx,TRUE,,355444
CITY,9900355482,LD 920 AUTOMATIC HF UK,#N/A,#N/A,Not Exist,#N/A,#N/A,#N/A,#N/A,#N/A,eLD 920,Owuru 100,Owuru 100,MDU,,,Sébastien Valatx,TRUE,,355482
CITY,9900356181,E-THREE 500,12/14/2025,3/31/2030,"30,700",14000,10500,5200,1000,0,MAKER,Maker,Maker,Other,,maker,Maker - No ICO,FALSE,,356181
CITY,9900356200,LD 940E CONNECT LF UK,#N/A,#N/A,Not Exist,#N/A,#N/A,#N/A,#N/A,#N/A,eLD 940,Owuru 100,Owuru 100,MDU,,,Sébastien Valatx,TRUE,,356200
CITY,9900358464,LD 940E CONNECT HF,#N/A,#N/A,Not Exist,#N/A,#N/A,#N/A,#N/A,#N/A,eLD 940,Owuru 100,Owuru 100,MDU,,,Sébastien Valatx,TRUE,,358464
CITY,9900358895,LD 920E AUTOMATIC LF,#N/A,#N/A,Not Exist,#N/A,#N/A,#N/A,#N/A,#N/A,eLD 920,#N/A,#N/A,#N/A,#N/A,#N/A,Sébastien Valatx,TRUE,,358895
CITY,9900361159,*USA E-LD 920 HF,#N/A,#N/A,Not Exist,#N/A,#N/A,#N/A,#N/A,#N/A,eLD 920,Owuru 100,Owuru 100,MDU,,,Sébastien Valatx,TRUE,,361159
CITY,9900361230,*USA VELOCARGO R500E V2 CN FR,#N/A,#N/A,Not Exist,#N/A,#N/A,#N/A,#N/A,#N/A,MAKER,Maker,Maker,Other,,maker,Maker - No ICO,FALSE,,361230
CITY,9900361320,*USA LD 500E HF,#N/A,#N/A,Not Exist,#N/A,#N/A,#N/A,#N/A,#N/A,eLD 500,HUB 500 2020,MHLGK,DV3,,HUB cargo M,Simon Midrier,TRUE,,361320
KIDS,9900335105,"26"" E ST 500",#N/A,#N/A,Not Exist,#N/A,#N/A,#N/A,#N/A,#N/A,E ST 500 KIDS,OIB eboost Mahle X30,X30,Other,iX250 Mahle,,Benjamin ALLEE -BTWIN VILLAGE LILLE-,TRUE,,335105
KIDS,9900340602,"26"" E EXPL 900",3/2/2025,12/31/2030,"4,846",1046,800,900,1000,1100,E EXPL 900 KIDS MY25,OIB eboost Mahle X30,X30,Other,iX250 Mahle,,Benjamin ALLEE -BTWIN VILLAGE LILLE-,TRUE,,340602
MICRO-MOBILITY,9900330540,E-FOLD 500,6/1/2022,8/31/2030,"76,958",9816,9763,9400,9500,0,E-FOLD500 MY23,HUBv3 light carrier XS,VRM92,DV3,36V carrier,,Benjamin ALLEE -BTWIN VILLAGE LILLE-,TRUE,,330540
MICRO-MOBILITY,9900333538,"E-FOLD 900 1""",1/23/2022,8/31/2028,"2,650",1000,1150,500,0,0,E-FOLD900 MY24,HUB Seat post,VRM92,DV3,battery seatpost BMZ,NA,Benjamin ALLEE -BTWIN VILLAGE LILLE-,TRUE,,333538
MICRO-MOBILITY,9900341643,E FOLD 100,1/22/2023,12/31/2026,Exist but No quantity,0,0,0,0,0,E-FOLD100 MY23,HUBv3 light carrier XS,VRM92,DV3,36V carrier,,Benjamin ALLEE -BTWIN VILLAGE LILLE-,TRUE,,341643
MICRO-MOBILITY,9900344155,E-FC 500 (new frame),8/1/2028,12/31/2031,"5,050",0,0,550,2000,2500,E-FC500,OIB eboost Bosch HUB Light,Hub Bosch,Other,Bosch PowerMore 250,,Benjamin ALLEE -BTWIN VILLAGE LILLE-,TRUE,,344155
MICRO-MOBILITY,9900344264,E FOLDING BIKE 900-1'' (V2),#N/A,#N/A,Not Exist,#N/A,#N/A,#N/A,#N/A,#N/A,E-FC900,#N/A,#N/A,#N/A,#N/A,#N/A,Project not validated,FALSE,,344264
MICRO-MOBILITY,9900344272,E FL 900,8/17/2025,11/30/2030,"5,100",500,1200,1700,1700,0,E-FOLD LIGHT V1,OIB eboost Mahle X30S,X30s,Other,Mahle RangeExtender,,Benjamin ALLEE -BTWIN VILLAGE LILLE-,TRUE,,344272
MICRO-MOBILITY,9900347353,FOLD 100E CN,1/1/2024,12/31/2028,Exist but No quantity,0,0,0,0,0,No EBOOST KIT,HUBv3 light carrier XS,VRM92,DV3,36V carrier,,Project not validated,FALSE,,347353
MTB,124595,MTB E-ST 900 RR,#N/A,#N/A,Not Exist,#N/A,#N/A,#N/A,#N/A,#N/A,E-ST900 MY19,#N/A,#N/A,#N/A,#N/A,#N/A,Simon Midrier,FALSE,,124595
MTB,9900324286,MTB e-ST 500 V3,3/1/2022,7/25/2026,2,1,0,0,0,0,E-ST 500 MY22,BROSE C alu,brose c alu,MDU,,NA,Simon Midrier,TRUE,,324286
MTB,9900330239,MTB e-FEEL TeamEdition S,3/1/2024,3/6/2027,2,1,0,0,0,0,MTB E Feel 900S MY23,Shimano EP 801,Shimano EP 801,MDU,,NA,Maker - No ICO,TRUE,,330239
MTB,9900330262,MTB e-FEEL 900S,3/1/2024,6/30/2027,500,500,0,0,0,0,MTB E Feel 900S MY23,Shimano EP 801,Shimano EP 801,MDU,,NA,Maker - No ICO,TRUE,,330262
MTB,9900330263,MTB e-FEEL 700S  NA,#N/A,#N/A,Not Exist,#N/A,#N/A,#N/A,#N/A,#N/A,No EBOOST KIT,Shimano EP 600,Shimano EP 600,MDU,,NA,Maker - No ICO,FALSE,,330263
MTB,9900330291,MTB e-FEEL 700 S,3/1/2024,6/30/2027,"1,500",1500,0,0,0,0,MTB E Feel 700S MY24,Shimano EP 600,Shimano EP 600,MDU,,NA,Maker - No ICO,TRUE,,330291
MTB,9900330292,MTB e-FEEL 900S NA,#N/A,#N/A,Not Exist,#N/A,#N/A,#N/A,#N/A,#N/A,No EBOOST KIT,Shimano EP 801,Shimano EP 801,MDU,,NA,Maker - No ICO,FALSE,,330292
MTB,9900334399,MTB E-EXPLORE 700 WOMEN,#N/A,#N/A,Not Exist,#N/A,#N/A,#N/A,#N/A,#N/A,E-EXPLORE 700 MY23,Brose Talu,Brose Talu,MDU,,NA,Simon Midrier,TRUE,,334399
MTB,9900334407,MTB e-ST 500 WOMAN V3,#N/A,#N/A,Not Exist,#N/A,#N/A,#N/A,#N/A,#N/A,E-ST 500 MY22,BROSE C alu,brose c alu,MDU,,NA,Simon Midrier,TRUE,,334407
MTB,9900334408,MTB E-EXPLORE 700,3/12/2023,2/29/2028,"15,400",7700,7700,0,0,0,E-EXPLORE 700 MY23,Brose Talu,Brose Talu,MDU,,NA,Simon Midrier,TRUE,,334408
MTB,9900334409,MTB E-EXPLORE 520S,1/22/2023,2/19/2028,"7,800",7800,0,0,0,0,E-EXPLORE 520S MY23,Brose Talu,Brose Talu,MDU,,NA,Simon Midrier,TRUE,,334409
MTB,9900334428,E-EXPLORE 700 NA,#N/A,#N/A,Not Exist,#N/A,#N/A,#N/A,#N/A,#N/A,No EBOOST KIT,#N/A,#N/A,#N/A,#N/A,#N/A,Project not validated,FALSE,,334428
MTB,9900334490,MTB E-EXPLORE 520 S C2,1/22/2023,2/28/2027,1,1,0,0,0,0,E-EXPLORE 520S MY23,Brose Talu,Brose Talu,MDU,,NA,Simon Midrier,TRUE,,334490
MTB,9900334497,E-EXPLORE 520S NA,#N/A,#N/A,Not Exist,#N/A,#N/A,#N/A,#N/A,#N/A,No EBOOST KIT,#N/A,#N/A,#N/A,#N/A,#N/A,Project not validated,FALSE,,334497
MTB,9900335049,MTB E-EXPLORE 700S,1/22/2023,3/6/2027,1,1,0,0,0,0,E-EXPLORE 700S MY23,Brose Talu,Brose Talu,MDU,,NA,Simon Midrier,TRUE,,335049
MTB,9900335242, EXTENDER E-EXPL,8/1/2022,3/6/2027,Not Exist,#N/A,#N/A,#N/A,#N/A,#N/A,No EBOOST KIT,#N/A,#N/A,#N/A,#N/A,#N/A,Maker - No ICO,FALSE,,335242
MTB,9900337358,MTB e_EXPLORE 520,3/12/2023,1/3/2027,"1,500",1500,0,0,0,0,E-EXPLORE 520 MY23,PWC2,PWC2,MDU,,OIB eboost Yam,Simon Midrier,FALSE,,337358
MTB,9900337428,MTB e_EXPLORE 500 S,1/22/2023,12/31/2026,1,1,0,0,0,0,E-EXPLORE 500S MY23,BROSE C alu,brose c alu,MDU,,NA,Simon Midrier,TRUE,,337428
MTB,9900337499,MTB E-ST 100 MY23,2/22/2023,7/25/2026,1,1,0,0,0,0,E-ST100 MY23,HUB 100 2020,VRMGT,DV3,,?,Simon Midrier,TRUE,,337499
MTB,9900337543,MTB E-ST 100 MY23 W,#N/A,#N/A,Not Exist,#N/A,#N/A,#N/A,#N/A,#N/A,E-ST100 MY23,HUB 100 2020,VRMGT,DV3,,?,Simon Midrier,TRUE,,337543
MTB,9900344357,MTB E-EXPLORE 520 S UK,#N/A,#N/A,Not Exist,#N/A,#N/A,#N/A,#N/A,#N/A,E-EXPLORE 520S MY23,#N/A,#N/A,#N/A,#N/A,#N/A,Project not validated,TRUE,,344357
MTB,9900344405,MTB E-EXPLORE 500 S UK,#N/A,#N/A,Not Exist,#N/A,#N/A,#N/A,#N/A,#N/A,E-EXPLORE 500S MY23,#N/A,#N/A,#N/A,#N/A,#N/A,Project not validated,TRUE,,344405
MTB,9900344406,MTB E-ST 100 MY23 UK,#N/A,#N/A,Not Exist,#N/A,#N/A,#N/A,#N/A,#N/A,No EBOOST KIT,#N/A,#N/A,#N/A,#N/A,#N/A,Project not validated,FALSE,,344406
MTB,9900344427, CHARGER 6A E-EXPL,3/1/2023,3/6/2027,Not Exist,#N/A,#N/A,#N/A,#N/A,#N/A,No EBOOST KIT,#N/A,#N/A,#N/A,#N/A,#N/A,Maker - No ICO,FALSE,,344427
MTB,9900344475,MTB E-EXPLORE 700 UK,#N/A,#N/A,Not Exist,#N/A,#N/A,#N/A,#N/A,#N/A,E-EXPLORE 700 MY23,#N/A,#N/A,#N/A,#N/A,#N/A,Project not validated,TRUE,,344475
MTB,9900344491,MTB E-EXPLORE 700 S UK,#N/A,#N/A,Not Exist,#N/A,#N/A,#N/A,#N/A,#N/A,E-EXPLORE 700S MY23,#N/A,#N/A,#N/A,#N/A,#N/A,Project not validated,TRUE,,344491
MTB,9900345983,MTB e_FEEL Team Ed S NA,#N/A,#N/A,Not Exist,#N/A,#N/A,#N/A,#N/A,#N/A,No EBOOST KIT,#N/A,#N/A,#N/A,#N/A,#N/A,Maker - No ICO,FALSE,,345983
MTB,9900347615,MTB E-FEEL 500 (CAT 3A),2/21/2027,2/17/2029,"14,200",0,7000,7200,0,0,E-MTB Owuru2 CAT3A MY2027,Owuru 200,Owuru 200,MDU,,,Matthieu PASSARD -BTWIN VILLAGE LILLE-,TRUE,,347615
MTB,9900350245,MTB E-FEEL 900LT (CAT4B),#N/A,#N/A,Not Exist,#N/A,#N/A,#N/A,#N/A,#N/A,E-MTB Owuru2 CAT4B IOT MY2029,Owuru 200,Owuru 200,MDU,,,Matthieu PASSARD -BTWIN VILLAGE LILLE-,TRUE,,350245
MTB,9900351586,MTB E-FEEL 900 (CAT 3C),9/1/2026,2/17/2029,"1,300",200,500,600,0,0,E-MTB Owuru2 CAT3C IOT MY2026,Owuru 200,Owuru 200,MDU,,,Matthieu PASSARD -BTWIN VILLAGE LILLE-,TRUE,,351586
MTB,9900351633,mtb E-ESCP 100+ (CAT 2A),#N/A,#N/A,Not Exist,#N/A,#N/A,#N/A,#N/A,#N/A,E-MTB MDU Essential,HUB 100 2027,#N/A,#N/A,#N/A,#N/A,Project not validated,TRUE,,351633
MTB,9900356208,"MTB E-FEEL ""LIGHT"" / CAT 4A",#N/A,#N/A,Not Exist,#N/A,#N/A,#N/A,#N/A,#N/A,"MTB E-FEEL ""LIGHT"" / CAT 4A",#N/A,#N/A,#N/A,#N/A,#N/A,,TRUE,,356208
MTB,9900356271,MTB E-FEEL 900S V2,#N/A,#N/A,Not Exist,#N/A,#N/A,#N/A,#N/A,#N/A,No EBOOST KIT,#N/A,#N/A,#N/A,#N/A,#N/A,Project not validated,FALSE,,356271
MTB,9900359579,MTB E-EXPL 140 (CAT2MAKER),2/22/2026,2/19/2028,"26,500",13000,13500,0,0,0,MAKER,Maker,Maker,Other,,maker,Maker - No ICO,FALSE,,359579
RD/GRVL,9900329657,E-EDR AF 105 11S,11/7/2021,1/23/2027,800,400,0,0,0,0,E-EDR AF,OIB eboost Mahle X35,X35,Other,X35 Mahle,,Benjamin ALLEE -BTWIN VILLAGE LILLE-,TRUE,,329657
RD/GRVL,9900335142,E-EDR AF 105 11S UK,#N/A,#N/A,Not Exist,#N/A,#N/A,#N/A,#N/A,#N/A,E-EDR AF,OIB eboost Mahle X35,X35,Other,X35 Mahle,,Benjamin ALLEE -BTWIN VILLAGE LILLE-,TRUE,,335142
RD/GRVL,9900327928,E-EDR AF 105 11S WMN,1/1/2021,12/31/2026,320,160,0,0,0,0,E-EDR AF,OIB eboost Mahle X35,X35,Other,X35 Mahle,,Benjamin ALLEE -BTWIN VILLAGE LILLE-,TRUE,,327928
RD/GRVL,9900344069,E-EDR AF 105 12S,#N/A,#N/A,Not Exist,#N/A,#N/A,#N/A,#N/A,#N/A,E-EDR AF,OIB eboost Mahle X35,X35,Other,X35 Mahle,,Benjamin ALLEE -BTWIN VILLAGE LILLE-,TRUE,,344069
RD/GRVL,9900347699,E-EDR AF 105 12S UK,#N/A,#N/A,Not Exist,#N/A,#N/A,#N/A,#N/A,#N/A,E-EDR AF,OIB eboost Mahle X35,X35,Other,X35 Mahle,,Benjamin ALLEE -BTWIN VILLAGE LILLE-,TRUE,,347699
RD/GRVL,9900345271,E-EDR AF 105 12S WOMAN,#N/A,#N/A,Not Exist,#N/A,#N/A,#N/A,#N/A,#N/A,E-EDR AF,OIB eboost Mahle X35,X35,Other,X35 Mahle,,Benjamin ALLEE -BTWIN VILLAGE LILLE-,TRUE,,345271
RD/GRVL,9900347360,E-EDR AF 105 CN,2/1/2024,12/31/2027,Exist but No quantity,0,0,0,0,0,E-EDR AF,OIB eboost Mahle X35,X35,Other,X35 Mahle,,Benjamin ALLEE -BTWIN VILLAGE LILLE-,TRUE,,347360
RD/GRVL,9900343812,E-EDR AF 105 DI2,1/1/2023,12/31/2026,140,140,0,0,0,0,E-EDR AF,OIB eboost Mahle X35,X35,Other,X35 Mahle,,Benjamin ALLEE -BTWIN VILLAGE LILLE-,TRUE,,343812
RD/GRVL,9900344847,E-EDR AF 105 DI2 UK,1/1/2023,12/31/2026,Exist but No quantity,0,0,0,0,0,E-EDR AF,OIB eboost Mahle X35,X35,Other,X35 Mahle,,Benjamin ALLEE -BTWIN VILLAGE LILLE-,TRUE,,344847
RD/GRVL,9900344135,E-EDR AF 105 DI2 WOMAN,12/16/2023,12/31/2026,100,100,0,0,0,0,E-EDR AF,OIB eboost Mahle X35,X35,Other,X35 Mahle,,Benjamin ALLEE -BTWIN VILLAGE LILLE-,TRUE,,344135
RD/GRVL,9900345068,E-EDR AF APEX AXS 12S,2/17/2023,12/31/2027,500,500,0,0,0,0,E-EDR AF,OIB eboost Mahle X35,X35,Other,X35 Mahle,,Benjamin ALLEE -BTWIN VILLAGE LILLE-,TRUE,,345068
RD/GRVL,9900347764,E-EDR AF APEX AXS 12S UK,1/1/2023,12/31/2026,Exist but No quantity,0,0,0,0,0,E-EDR AF,OIB eboost Mahle X35,X35,Other,X35 Mahle,,Benjamin ALLEE -BTWIN VILLAGE LILLE-,TRUE,,347764
RD/GRVL,9900345069,E-EDR AF APEX AXS 12S WMN,2/17/2023,12/31/2026,190,190,0,0,0,0,E-EDR AF,OIB eboost Mahle X35,X35,Other,X35 Mahle,,Benjamin ALLEE -BTWIN VILLAGE LILLE-,TRUE,,345069
RD/GRVL,9900335667,E-EDR AF WOMAN UK,#N/A,#N/A,Not Exist,#N/A,#N/A,#N/A,#N/A,#N/A,E-EDR AF,OIB eboost Mahle X35,X35,Other,X35 Mahle,,Benjamin ALLEE -BTWIN VILLAGE LILLE-,TRUE,,335667
RD/GRVL,9900334148,E-EDR CF 105 DI2 12S,1/30/2022,3/3/2029,"1,750",750,500,500,0,0,E-EDR CF,OIB eboost Mahle X20,X20,Other,iX350 Mahle,,Benjamin ALLEE -BTWIN VILLAGE LILLE-,TRUE,,334148
RD/GRVL,9900344664,E-EDR CF 105 DI2 WMN BEIGE,1/1/2023,12/31/2026,Exist but No quantity,0,0,0,0,0,E-EDR CF,OIB eboost Mahle X20,X20,Other,iX350 Mahle,,Benjamin ALLEE -BTWIN VILLAGE LILLE-,TRUE,,344664
RD/GRVL,9900358218,E-EDR CF UK,#N/A,#N/A,Not Exist,#N/A,#N/A,#N/A,#N/A,#N/A,E-EDR CF,OIB eboost Mahle X20,X20,Other,iX350 Mahle,,Benjamin ALLEE -BTWIN VILLAGE LILLE-,TRUE,,358218
RD/GRVL,9900332443,E-GRVL AF,3/9/2025,12/31/2028,"1,300",800,250,250,0,0,E-GRVL AF Discovery,HUB light InFrame S,M99CD,DV3,36V IF 360Wh,HUB light InFrame S,Benjamin ALLEE -BTWIN VILLAGE LILLE-,TRUE,,332443
RD/GRVL,9900336389,E-GRVL AF UK,#N/A,#N/A,Not Exist,#N/A,#N/A,#N/A,#N/A,#N/A,E-GRVL AF Discovery,HUB light InFrame S,M99CD,DV3,36V IF 360Wh,HUB light InFrame S,Benjamin ALLEE -BTWIN VILLAGE LILLE-,TRUE,,336389
RD/GRVL,9900344948,E-GRVL AF HD X30,10/1/2025,12/31/2028,"1,950",400,1000,550,0,0,E-GRVL AF HD X30,OIB eboost Mahle X30,X30,Other,iX250 Mahle,,Benjamin ALLEE -BTWIN VILLAGE LILLE-,TRUE,,344948
RD/GRVL,9900354575,E-GRVL AF HD X30 UK,#N/A,#N/A,Not Exist,#N/A,#N/A,#N/A,#N/A,#N/A,E-GRVL AF HD X30,OIB eboost Mahle X30,X30,Other,iX250 Mahle,,Benjamin ALLEE -BTWIN VILLAGE LILLE-,TRUE,,354575
RD/GRVL,9900332472,E-GRVL AF HD X35,#N/A,#N/A,Not Exist,#N/A,#N/A,#N/A,#N/A,#N/A,E-GRVL RDNG 500,OIB eboost Mahle X35,X35,Other,X35 Mahle,,Benjamin ALLEE -BTWIN VILLAGE LILLE-,TRUE,,332472
RD/GRVL,9900335160,E-GRVL AF HD X35 UK,10/1/2023,12/31/2026,Exist but No quantity,0,0,0,0,0,E-GRVL RDNG 500,OIB eboost Mahle X35,X35,Other,X35 Mahle,,Benjamin ALLEE -BTWIN VILLAGE LILLE-,TRUE,,335160
RD/GRVL,9900359120,E-GRVL AF II,#N/A,#N/A,Not Exist,#N/A,#N/A,#N/A,#N/A,#N/A,E-GRVL AF MY28,,#N/A,#N/A,#N/A,#N/A,Benjamin ALLEE -BTWIN VILLAGE LILLE-,TRUE,,359120
RD/GRVL,9900345840,E-GRVL AF MD,3/21/2024,12/31/2028,"1,200",600,300,300,0,0,E-GRVL AF MD MY24,BROSE Hmag,Brose Hmag,MDU,,NA,Simon Midrier,TRUE,,345840
RD/GRVL,9900335117,E-GRVL AF MD UK,3/3/2024,12/31/2027,Exist but No quantity,0,0,0,0,0,E-GRVL AF MD MY24,BROSE Hmag,Brose Hmag,MDU,,NA,Simon Midrier,TRUE,,335117
RD/GRVL,9900354568,E-GRVL CF,#N/A,#N/A,Not Exist,#N/A,#N/A,#N/A,#N/A,#N/A,E-GRVL CF,,#N/A,#N/A,#N/A,#N/A,Benjamin ALLEE -BTWIN VILLAGE LILLE-,FALSE,,354568
RD/GRVL,9900352038,X35 RANGE EXTENDER,#N/A,#N/A,Not Exist,#N/A,#N/A,#N/A,#N/A,#N/A,NA,#N/A,#N/A,#N/A,#N/A,#N/A,Benjamin ALLEE -BTWIN VILLAGE LILLE-,FALSE,,352038
TREKKING,124809,RS500 E V1 EUROPE,#N/A,#N/A,Not Exist,#N/A,#N/A,#N/A,#N/A,#N/A,RS 500E MOBOM V3,#N/A,#N/A,#N/A,#N/A,#N/A,Simon Midrier,FALSE,,124809
TREKKING,9900323626,RIVERSIDE 100e,#N/A,#N/A,Not Exist,#N/A,#N/A,#N/A,#N/A,#N/A,RS 100E MY 2022,HUB 100 2020,VRMGT,DV3,,?,Simon Midrier,TRUE,,323626
TREKKING,9900338397,RS520E EUROPE,#N/A,#N/A,Not Exist,#N/A,#N/A,#N/A,#N/A,#N/A,RS 520E,#N/A,#N/A,#N/A,#N/A,#N/A,Simon Midrier,TRUE,,338397
TREKKING,9900341895,E-ACTV 500 HF,3/4/2024,12/31/2028,"2,400",2400,0,0,0,0,ACTIVE 500e MY24,PWC2,PWC2,MDU,,OIB eboost Yam,Simon Midrier,TRUE,,341895
TREKKING,9900342030,E-ACTV 500 LF,1/1/2024,2/20/2028,"42,800",17800,25000,0,0,0,ACTIVE 500e MY24,PWC2,PWC2,MDU,,OIB eboost Yam,Simon Midrier,TRUE,,342030
TREKKING,9900342031,E_ACTV 900 LF V1,7/1/2024,2/20/2028,"28,000",6000,8000,0,0,0,ACTIVE 900E,Owuru 100,Owuru 100,MDU,,,Sébastien Valatx,TRUE,,342031
TREKKING,9900342851,RS520E LF EUROPE,#N/A,#N/A,Not Exist,#N/A,#N/A,#N/A,#N/A,#N/A,RS 520E,#N/A,#N/A,#N/A,#N/A,#N/A,Simon Midrier,TRUE,,342851
TREKKING,9900344111,RS500 E CN,#N/A,#N/A,Not Exist,#N/A,#N/A,#N/A,#N/A,#N/A,RS 500E MOBOM V3,HUB ANANDA 2022,HUB ANANDA 2022,DV3,36V IF 360Wh,HUB light carrier XS,Simon Midrier,FALSE,,344111
TREKKING,9900344124,E_ACTV 900 HF V1,8/1/2024,3/6/2027,"1,000",1000,0,0,0,0,ACTIVE 900E,Owuru 100,Owuru 100,MDU,,,Sébastien Valatx,TRUE,,344124
TREKKING,9900352497,E_ACTIVE 900 LF V2 IOT,#N/A,#N/A,Not Exist,#N/A,#N/A,#N/A,#N/A,#N/A,ACTIVE 900E IOT MY 2025,#N/A,#N/A,#N/A,#N/A,#N/A,Sébastien Valatx,FALSE,,352497
TREKKING,9900356244,E_ACTV 100 HF V1,2/23/2025,2/28/2029,"43,500",13500,10000,10000,10000,0,ACTIVE 100E MY25,HUB 100 2025,VRMGT,DV3,36V IF 360Wh,HUB IF essential S,Benjamin ALLEE -BTWIN VILLAGE LILLE-,TRUE,,356244
TREKKING,9900356245,E-ACTV 100 LF V1,2/23/2025,3/31/2028,"42,000",42000,0,0,0,0,ACTIVE 100E MY25,HUB 100 2025,VRMGT,DV3,36V IF 360Wh,HUB IF essential S,Benjamin ALLEE -BTWIN VILLAGE LILLE-,TRUE,,356245
TREKKING,9900358608,Trekking E-ESCP 100 360Wh,1/1/2029,3/1/2032,Exist but No quantity,0,0,0,0,0,,,#N/A,#N/A,#N/A,#N/A,Benjamin ALLEE -BTWIN VILLAGE LILLE-,FALSE,,358608
TREKKING,9900358726,E-ACTV 100 HF V2 360Wh,#N/A,#N/A,Not Exist,#N/A,#N/A,#N/A,#N/A,#N/A,ACTIVE 100E MY2027,HUB 100 2027,#N/A,#N/A,#N/A,#N/A,Benjamin ALLEE -BTWIN VILLAGE LILLE-,TRUE,,358726
TREKKING,9900358788,Trekking E-ESCP 100 + 500WH,2/1/2027,12/31/2029,"52,000",0,15000,17000,20000,0,ACTIVE 100E MY2027 500wh,HUBv4 IF essential M,VRMH105,DV4,36V IF 500Wh,,Benjamin ALLEE -BTWIN VILLAGE LILLE-,TRUE,,358788
TREKKING,9900358836,E-ESCP 900 HF,1/1/2028,12/31/2032,"3,500",0,0,1000,1200,1300,E ADVT 900,Owuru 200,Owuru 200,MDU,,,Matthieu PASSARD -BTWIN VILLAGE LILLE-,TRUE,,358836
TREKKING,9900358864,E-ESCP 900 LF,1/1/2028,12/31/2032,"5,000",0,0,1500,1700,1800,E ADVT 900,Owuru 200,Owuru 200,MDU,,,Matthieu PASSARD -BTWIN VILLAGE LILLE-,TRUE,,358864
TREKKING,9900358883,E-ACTV 500 LF V2,#N/A,#N/A,Not Exist,#N/A,#N/A,#N/A,#N/A,#N/A,ACTIVE 500e MY26,#N/A,#N/A,#N/A,#N/A,#N/A,Project not validated,TRUE,,358883
TREKKING,9900358900,Trekking E-ESCP 100 X 500WH,4/1/2026,3/31/2029,Exist but No quantity,0,0,0,0,0,No EBOOST KIT,,#N/A,#N/A,#N/A,#N/A,Benjamin ALLEE -BTWIN VILLAGE LILLE-,FALSE,,358900
TREKKING,9900358910,E-ACTV 500 HF V2,#N/A,#N/A,Not Exist,#N/A,#N/A,#N/A,#N/A,#N/A,ACTIVE 500e MY26,#N/A,#N/A,#N/A,#N/A,#N/A,Project not validated,TRUE,,358910
CITY,9900329789,SPEED 900 E,#N/A,#N/A,Not Exist,#N/A,#N/A,#N/A,#N/A,#N/A,SPEED 900E,Mahle X35,#N/A,#N/A,#N/A,#N/A,Benjamin ALLEE -BTWIN VILLAGE LILLE-,TRUE,,329789
CITY,9900352121,XL Loading front family,#N/A,#N/A,Not Exist,#N/A,#N/A,#N/A,#N/A,#N/A,XL loading front MY27,#N/A,#N/A,#N/A,#N/A,#N/A,Matthieu PASSARD -BTWIN VILLAGE LILLE-,TRUE,,352121
CITY,9900352150,XL loading front platform,#N/A,#N/A,Not Exist,#N/A,#N/A,#N/A,#N/A,#N/A,XL loading front MY27,#N/A,#N/A,#N/A,#N/A,#N/A,Matthieu PASSARD -BTWIN VILLAGE LILLE-,TRUE,,352150
CITY,9900361614,S LOADING E,#N/A,#N/A,Not Exist,#N/A,#N/A,#N/A,#N/A,#N/A,No EBOOST KIT,#N/A,#N/A,#N/A,#N/A,#N/A,Project not validated,FALSE,,361614
CITY,9900361961,VELOCARGO R500E V3 USCAN,#N/A,#N/A,Not Exist,#N/A,#N/A,#N/A,#N/A,#N/A,No EBOOST KIT,#N/A,#N/A,#N/A,#N/A,#N/A,Maker - No ICO,FALSE,,361961
CITY,9900362766,L LOADING E 500WH,#N/A,#N/A,Not Exist,#N/A,#N/A,#N/A,#N/A,#N/A,L loading 500 Wh MY26,#N/A,#N/A,#N/A,#N/A,#N/A,Sébastien Valatx,TRUE,,362766
CITY,9900362852,M LOADING E 500WH,#N/A,#N/A,Not Exist,#N/A,#N/A,#N/A,#N/A,#N/A,M loading 500 Wh MY26,#N/A,#N/A,#N/A,#N/A,#N/A,Sébastien Valatx,TRUE,,362852
KIDS,9900360859,"24"" E-PLAY 900",#N/A,#N/A,Not Exist,#N/A,#N/A,#N/A,#N/A,#N/A,MAKER,Maker,Maker,Other,,maker,Benjamin ALLEE -BTWIN VILLAGE LILLE-,FALSE,,360859
MTB,9900361870,MTB E-ESCP 100 (CAT1A),#N/A,#N/A,Not Exist,#N/A,#N/A,#N/A,#N/A,#N/A,MTB E-ESSENTIAL,HUB 100 2027,#N/A,#N/A,#N/A,#N/A,Benjamin ALLEE -BTWIN VILLAGE LILLE-,TRUE,,361870
MTB,9900361890,MTB E-ESCP 500 (CAT 2A),2/22/2026,2/19/2028,"8,500",3500,5000,0,0,0,MTB E-EXPLORE 120 MY26,PWC2,PWC2,MDU,,OIB eboost Yam,Simon Midrier,TRUE,Mona: I added the bike in EKIT_BOM sheet but no BOM created in ICO file yet,361890
MTB,9900361900,mtb E-ESCP 500 +  (CAT 2C),2/20/2028,2/16/2030,"16,600",0,0,9600,7000,0,E-MTB Owuru2 CAT2C MY2028,Owuru 200,Owuru 200,MDU,,,Matthieu PASSARD -BTWIN VILLAGE LILLE-,TRUE,Mona: check the formula BOM exsit,361900
RD/GRVL,9900361453,*USA E-GRVL AF MD,12/31/2024,12/31/2028,Exist but No quantity,0,0,0,0,0,No EBOOST KIT,BROSE Hmag,Brose Hmag,MDU,,NA,Project not validated,FALSE,,361453
CITY,9900362928,E-TWO 900 V2,#N/A,#N/A,Not Exist,#N/A,#N/A,#N/A,#N/A,#N/A,E-Two 900 MY2029,Owuru 200,Owuru 200,MDU,,,Matthieu PASSARD -BTWIN VILLAGE LILLE-,TRUE,,362928
MICRO-MOBILITY,9900344265,E FL 900 (V2),3/1/2029,12/31/2032,"3,000",0,0,0,500,2500,E-FL900 v2,Mahle X30s,#N/A,#N/A,#N/A,#N/A,Benjamin ALLEE -BTWIN VILLAGE LILLE-,TRUE,,344265
TREKKING,9900358807,Trekking E-ESCP 500 LF OWURU 500 Wh,9/1/2027,3/31/2031,"89,000",0,5000,26000,28000,30000,E ACTV 500 OWURU 500Wh,Owuru 200,Owuru 200,MDU,,,Matthieu PASSARD -BTWIN VILLAGE LILLE-,TRUE,Mona: I added the bike in EKIT_BOM sheet but no BOM created in ICO file yet,358807
TREKKING,9900358857,E-ACTV 500 HF V3,#N/A,#N/A,Not Exist,#N/A,#N/A,#N/A,#N/A,#N/A,,#N/A,#N/A,#N/A,#N/A,#N/A,,FALSE,Mona: I added the bike in EKIT_BOM sheet but no BOM created in ICO file yet,358857
RD/GRVL,9900365612,E-GRVL AF HD X35 Apex 1x12,12/1/2024,12/31/2026,500,500,0,0,0,0,E-GRVL RDNG 500,Mahle X35,#N/A,#N/A,#N/A,#N/A,Benjamin ALLEE -BTWIN VILLAGE LILLE-,TRUE,,365612
CITY,9900362991,M LOADING E 500WH V2,#N/A,#N/A,Not Exist,#N/A,#N/A,#N/A,#N/A,#N/A,M LOADING 500WH V2,#N/A,#N/A,#N/A,#N/A,#N/A,Sébastien Valatx,TRUE,,362991
TREKKING,9900370182,Trekking E-ESCP 500 X OWURU 750Wh,3/1/2028,3/31/2029,"7,000",0,0,3500,3500,0,E-MTB Owuru2 CAT2X MY2028,Owuru 200,Owuru 200,MDU,,,Matthieu PASSARD -BTWIN VILLAGE LILLE-,TRUE,,370182
TREKKING,9900370202,Trekking E-ESCP 500 + LF OWURU 750Wh,3/1/2028,3/31/2031,"54,000",0,0,8000,9000,10000,E ACTV 500 + OWURU 700Wh,Owuru 200,Owuru 200,MDU,,,Matthieu PASSARD -BTWIN VILLAGE LILLE-,TRUE,,370202
MOBILITY-CITY,9900361716,E-THREE 900 V2,3/4/2029,3/7/2033,Exist but No quantity,0,0,0,0,0,E-Three 900 MY2029,Owuru 200,Owuru 200,MDU,,,Matthieu PASSARD -BTWIN VILLAGE LILLE-,TRUE,,361716
MOBILITY-CITY,9900375836,E-TWO 500,1/2/2028,12/31/2030,"22,700",0,0,6400,7800,8500,E-Two 500 MY2028,HUBv4 OnFrame Cargo L,VRMH130,DV4 cargo,36V OF 700Wh,,Benjamin ALLEE,TRUE,,375836
MOBILITY-CITY,9900377499,E-THREE 100,8/28/2027,12/31/2033,"25,400",0,0,8000,8800,8600,E-three100 MY29,HUBv4 OnFrame Cargo M,VRMH130,DV4 cargo,36V OF 500Wh,,Benjamin ALLEE -BTWIN VILLAGE LILLE-,TRUE,,377499
MOBILITY-CITY,9900377611,E-TWO 100,#N/A,#N/A,Not Exist,#N/A,#N/A,#N/A,#N/A,#N/A,DELETE,,#N/A,#N/A,#N/A,#N/A,Benjamin ALLEE -BTWIN VILLAGE LILLE-,FALSE,,377611
MOBILITY-CITY,9900377639,E ONE 100,1/9/2027,3/31/2029,"35,000",0,10000,12000,13000,0,MAKER,Maker,Maker,Other,,maker,Benjamin ALLEE -BTWIN VILLAGE LILLE-,FALSE,,377639
MOBILITY-Folding,9900376218,E-FC 500,#N/A,#N/A,Not Exist,#N/A,#N/A,#N/A,#N/A,#N/A,E-FC500,OIB eboost Bosch HUB Light,Hub Bosch,Other,Bosch PowerMore 250,,Benjamin ALLEE -BTWIN VILLAGE LILLE-,TRUE,,376218
MOBILITY-Folding,9900377724,E-FC 100,#N/A,#N/A,Not Exist,#N/A,#N/A,#N/A,#N/A,#N/A,E-FC100,HUB light carrier XS,#N/A,#N/A,#N/A,#N/A,Benjamin ALLEE -BTWIN VILLAGE LILLE-,FALSE,,377724
MTB,9900376836,MTB E-FEEL 500 + (CAT 3B),2/21/2027,2/17/2029,"15,600",0,3800,4000,0,0,E-MTB Owuru2 CAT3B MY2027,Owuru 200,Owuru 200,MDU,,,Matthieu PASSARD -BTWIN VILLAGE LILLE-,TRUE,,376836
MTB,9900376854,mtb E-FEEL 500 (CAT 3A),#N/A,#N/A,Not Exist,#N/A,#N/A,#N/A,#N/A,#N/A,,,#N/A,#N/A,#N/A,#N/A,,FALSE,Ancien code Brose 3 / Vélo annulé,376854
MTB,9900376884,mtb E-ESCP 500 (CAT 2B),#N/A,#N/A,Not Exist,#N/A,#N/A,#N/A,#N/A,#N/A,,,#N/A,#N/A,#N/A,#N/A,,FALSE,,376884
MTB,9900377203,MtbE-ESCP100-CAT1MAKER,2/22/2026,2/19/2028,"68,000",18000,16000,0,0,0,MAKER,Maker,Maker,Other,,maker,Maker - No ICO,FALSE,,377203
MTB,9900377327,mtb E-FEEL 500 + (CAT3B),#N/A,#N/A,Not Exist,#N/A,#N/A,#N/A,#N/A,#N/A,,#N/A,#N/A,#N/A,#N/A,#N/A,,FALSE,Ancien code Brose 3 / Vélo annulé,377327
RD/GRVL,9900366119,E-EDR AF APEX 12,12/1/2024,12/31/2027,"1,100",200,900,0,0,0,E-EDR AF,Mahle X30,#N/A,#N/A,#N/A,#N/A,Benjamin ALLEE -BTWIN VILLAGE LILLE-,TRUE,,366119
RD/GRVL,9900374813,E-EDR CF II 105,#N/A,#N/A,Not Exist,#N/A,#N/A,#N/A,#N/A,#N/A,E-EDR CF,Mahle X20,#N/A,#N/A,#N/A,#N/A,Benjamin ALLEE -BTWIN VILLAGE LILLE-,TRUE,,374813
RD/GRVL,9900374827,E-EDR AF ALLROAD,6/1/2027,12/31/2028,"1,600",0,200,1400,0,0,E-EDR AF,Mahle X30,#N/A,#N/A,#N/A,#N/A,Benjamin ALLEE -BTWIN VILLAGE LILLE-,TRUE,,374827
RD/GRVL,9900374829,E-EDR CF II ULTEGRA,#N/A,#N/A,Not Exist,#N/A,#N/A,#N/A,#N/A,#N/A,E-EDR CF,Mahle X20,#N/A,#N/A,#N/A,#N/A,Benjamin ALLEE -BTWIN VILLAGE LILLE-,TRUE,,374829
TREKKING,9900377415,Trekking E-ESCP 100 X V2,#N/A,#N/A,Not Exist,#N/A,#N/A,#N/A,#N/A,#N/A,,,#N/A,#N/A,#N/A,#N/A,Benjamin ALLEE -BTWIN VILLAGE LILLE-,FALSE,,377415
MOBILITY-CITY,9900378081,E-THREE 900 GR,#N/A,#N/A,Not Exist,#N/A,#N/A,#N/A,#N/A,#N/A,DELETE,Owuru 100,Owuru 100,MDU,,,Sébastien Valatx,FALSE,,378081
OUTDOOR-MTB,9900379063,mtb E-FEEL LT (CAT4 maker),2/18/2029,2/15/2031,150,0,0,0,0,150,MAKER,Maker,Maker,Other,,maker,Maker - No ICO,FALSE,,379063
RD/GRVL,9900374860,E-EDR CF ULTEGRA,3/1/2026,3/3/2029,"1,400",200,250,250,0,0,E-EDR CF,Mahle X20,#N/A,#N/A,#N/A,#N/A,Benjamin ALLEE -BTWIN VILLAGE LILLE-,TRUE,,374860
RD/GRVL,9900374932,E-GRVL AF SUSP,#N/A,#N/A,Not Exist,#N/A,#N/A,#N/A,#N/A,#N/A,DELETE,,#N/A,#N/A,#N/A,#N/A,Benjamin ALLEE -BTWIN VILLAGE LILLE-,FALSE,,374932
MOBILITY-CITY,9900377693,E ONE COMPACT 500,1/31/2029,12/31/2032,"4,500",0,0,0,2000,2500,E-One 500 MY2030,HUBv4 OnFrame essential M,VRMH105,DV4,36V OF 500Wh,,Benjamin ALLEE -BTWIN VILLAGE LILLE-,TRUE,,377693
MOBILITY-CITY,9900377685,E-THREE 500 V4,8/26/2028,12/31/2034,"15,500",0,0,500,7500,7500,E-three500,HUBv4 OnFrame Cargo L,VRMH130,DV4 cargo,36V OF 700Wh,,Benjamin ALLEE -BTWIN VILLAGE LILLE-,TRUE,,
MOBILITY-TRK,9900387819,E ACTIV 100 V2,10/1/2026,12/31/2029,"314,000",0,45000,55000,57000,0,ACTIVE 100E MY2027,HUBv4 IF essential S,VRMH105,DV3,36V IF 360Wh,Ergo100,Benjamin ALLEE -BTWIN VILLAGE LILLE-,TRUE,,
MOBILITY-TRK,9900389671,E-ACTV 50,1/1/2027,12/31/2030,Exist but No quantity,0,0,0,0,0,E-ACTV 50 MY27,HUBv3 OnFrame essential S,VRMH105,DV3,36V OF 360Wh,,Benjamin ALLEE -BTWIN VILLAGE LILLE-,TRUE,,
SPORTS-MTB,9900388968,MTB E-EXPL 500-CAT 2B,2/18/2029,2/21/2032,"19,400",0,0,0,9600,9800,E-MTB Owuru2 CAT2B MY2029,Owuru 200,Owuru 200,MDU,,,Matthieu PASSARD -BTWIN VILLAGE LILLE-,TRUE,,
SPORTS-MTB,9900388977,MTB E-EXPL 140-CAT 2A,2/20/2028,2/15/2031,"84,000",0,0,13500,14000,14500,,Maker,Maker,Other,,maker,,FALSE,,
SPORTS-MTB,9900388979,MTB E-FEEL 900-CAT4A,2/18/2029,2/22/2031,"3,900",0,0,0,850,1100,,OIB Bosch CX,CX,MDU,Powertube900SL,,,FALSE,,
SPORTS-MTB,9900388989,MTB E-EXPL 500 EQ-CAT 2BX,2/18/2029,2/21/2032,"12,800",0,0,0,3200,3200,,Maker,Maker,Other,,maker,,FALSE,,
SPORTS-MTB,9900388994,MTB E-EXPL 100-CAT 1B,1/23/2028,2/15/2031,"97,000",0,0,16000,16500,16000,,HUBv4 IF essential M,VRMH105,DV4,36V IF 500Wh,,,FALSE,,
SPORTS-MTB,9900389017,MTB E-EXPL 540 EQ- CAT2CX,2/20/2028,2/16/2030,"10,400",0,0,3200,2000,0,,OWURU Ride 5 L,Owuru 200,MDU,48V 750Wh,,,FALSE,,
SPORTS-MTB,9900389018,MTB E-FEEL 540 -CAT3B,2/18/2029,2/15/2031,"17,200",0,0,0,4200,4400,,OWURU Ride 5+ L,Owuru 200,MDU,48V 750Wh,,,,,
SPORTS-MTB,9900389044,MTB E-FEEL 500-CAT3A,2/18/2029,2/21/2032,"30,400",0,0,0,7500,7700,,OWURU Ride 5+ L,Owuru 200,MDU,48V 750Wh,,,,,
SPORTS-RD/GRVL,9900387738,E-EDR G AF CUES,9/3/2028,1/1/2032,"6,000",0,0,0,1500,1500,E-EDR G/R AF,OIB eboost Bosch HUB Perf,Hub Bosch,Other,Powertube360,,Benjamin ALLEE -BTWIN VILLAGE LILLE-,TRUE,,
SPORTS-RD/GRVL,9900387766,E-EDR G AF APEX,9/3/2028,1/1/2032,"1,600",0,0,0,400,400,E-EDR G/R AF,OIB eboost Bosch HUB Perf,Hub Bosch,Other,Powertube360,,Benjamin ALLEE -BTWIN VILLAGE LILLE-,TRUE,,
SPORTS-RD/GRVL,9900387812,E-EDR R AF,1/1/2029,1/1/2035,"4,160",0,0,0,1040,1040,E-EDR G/R AF,OIB eboost Bosch HUB,#N/A,#N/A,#N/A,#N/A,Benjamin ALLEE -BTWIN VILLAGE LILLE-,TRUE,,
SPORTS-RD/GRVL,9900387818,E-EDR R CF TIAGRA,3/4/2029,1/1/2032,"1,200",0,0,0,200,400,E-EDR G/R CF,OIB Bosch SX,SX,MDU,CPT400,,Benjamin ALLEE -BTWIN VILLAGE LILLE-,TRUE,,
SPORTS-RD/GRVL,9900387875,E-EDR G CF 1,3/4/2029,1/1/2032,"2,680",0,0,0,440,900,E-EDR G/R CF,OIB Bosch SX,SX,MDU,CPT400,,Benjamin ALLEE -BTWIN VILLAGE LILLE-,TRUE,,
SPORTS-RD/GRVL,9900387896,E-EDR G CF 3,3/4/2029,12/31/2032,600,0,0,0,100,200,E-EDR G/R CF,OIB Bosch SX,SX,MDU,CPT400,,Benjamin ALLEE -BTWIN VILLAGE LILLE-,TRUE,,
SPORTS-RD/GRVL,9900387901,E-EDR R CF 105,3/4/2029,1/1/2032,800,0,0,0,150,250,E-EDR G/R CF,OIB Bosch SX,SX,MDU,CPT400,,Benjamin ALLEE -BTWIN VILLAGE LILLE-,TRUE,,
SPORTS-RD/GRVL,9900387902,E-EDR R CF ULTEGRA,3/4/2029,1/1/2032,440,0,0,0,100,120,E-EDR G/R CF,OIB Bosch SX,SX,MDU,CPT400,,Benjamin ALLEE -BTWIN VILLAGE LILLE-,TRUE,,
SPORTS-RD/GRVL,9900387903,E-EDR G CF 2,3/4/2029,1/1/2032,"1,200",0,0,0,200,400,E-EDR G/R CF,OIB Bosch SX,SX,MDU,CPT400,,Benjamin ALLEE -BTWIN VILLAGE LILLE-,TRUE,,
BTWIN,9900390244,E ACTV 100 HF V2,1/1/2027,12/31/2030,Exist but No quantity,0,0,0,0,0,ACTIVE 100E MY2027,HUBv3 IF essential S,VRMH105,DV3,36V IF 360Wh,,Benjamin ALLEE -BTWIN VILLAGE LILLE-,TRUE,,
MOBILITY-CITY,9900364172,*CITY EBIKE ELOPS 120 LF BR,6/4/2024,6/4/2027,Exist but No quantity,0,0,0,0,0,,,#N/A,#N/A,#N/A,#N/A,,,,
MOBILITY-CITY,9900390533,E-ONE 100 V2,10/7/2028,12/30/2031,Exist but No quantity,0,0,0,0,0,,HUBv4 OnFrame essential S,VRMH105,DV4,36V OF 360Wh,,Benjamin ALLEE -BTWIN VILLAGE LILLE-,,,
MOBILITY-TRK,9900366109,*IN E-ACTV 100 LF,1/1/2025,12/31/2028,Exist but No quantity,0,0,0,0,0,,,,,,,,,,
MOBILITY-TRK,9900366210,*IN E-ACTV 100 HF,1/1/2025,12/31/2029,Exist but No quantity,0,0,0,0,0,,,,,,,,,,
MOBILITY-TRK,9900379090,E-ACTV 100 LF CN,1/1/2026,12/31/2027,Exist but No quantity,0,0,0,0,0,,,,,,,,,,
MOBILITY-TRK,9900384299,Trekking E-Expl 100 LTD 4 Sizes,2/1/2026,12/31/2029,Exist but No quantity,0,0,0,0,0,,,,,,,,,,
MOBILITY-TRK,9900384879,actv rear rack 500 CN,1/1/2026,12/31/2029,Exist but No quantity,0,0,0,0,0,,,,,,,,,,
SPORTS-MTB,9900364515,"*MTB E-ST 100 27""5 BR",6/4/2024,6/6/2027,Exist but No quantity,0,0,0,0,0,,,,,,,,,,
SPORTS-MTB,9900364568,"*MTB E-ST 100 27""5 BR",6/4/2024,6/6/2027,Exist but No quantity,0,0,0,0,0,,,,,,,,,,
SPORTS-MTB,9900379623,MTB E-EXPL 140 CN,6/1/2026,12/31/2029,Exist but No quantity,0,0,0,0,0,,,,,,,,,,
SPORTS-RD/GRVL,9900366648,E-GRVL CF CN,7/10/2026,12/31/2029,Exist but No quantity,0,0,0,0,0,,,,,,,,,,
SPORTS-RD/GRVL,9900377844,*USA E-GRVL AF GRX,1/2/2026,12/31/2029,Exist but No quantity,0,0,0,0,0,,,,,,,,,,
SPORTS-RD/GRVL,9900377910,*USA E-EDR CF 105,1/1/2026,12/31/2029,Exist but No quantity,0,0,0,0,0,,OIB eboost Mahle X20,,,,,,,,